<?xml version="1.0" encoding="utf-8"?>
<feed xmlns="http://www.w3.org/2005/Atom">

  <entry type="application">
    <productId>VactionPicApp</productId>
    <title>Vacation Picture App</title>
    <summary>App for posting vacation pictures</summary>
    <longSummary>Yet another app for posting pictures.</longSummary>
    <keywords>
      <keywordId>PicGalleryApp</keywordId>
      <keywordId>SQL</keywordId>
    </keywords>    
    <installers>
      <installer>
        <id>1</id>
        <installerFile>
          <!-- size of the package in KBs -->
          <fileSize>168</fileSize>
          <installerURL>file://C:/Path/To/ApplicationInstaller/VacationPicsWPIInstaller.zip</installerURL>

          <!-- SHA of the package file for signature verification -->
          <sha1>8e53a4a0ca097470e906bc9c2d6c6b0125e20f27</sha1>
        </installerFile>
        <msDeploy>
          <!-- Default page is a start page -->
          <startPage />
        </msDeploy>        
      </installer>
    </installers>
  </entry>
  
  <!-- Tab definition -->
  <tabs>
    <tab>
      <keywordTab>
        <id>SampleApplications</id>
        <name>Sample Applications</name>
        <description>Select from sample applications:</description>
        
        <!-- Subtabs definitions -->
        <keywords>
          <keywordId>PicGalleryApp</keywordId>
        </keywords>
      </keywordTab>
    </tab>
  </tabs>

  <!-- Keyword/titles of subtabs to group apps with those keywords under -->
  <keywords>
    <keyword id="PicGalleryApp">Picture Gallery Apps</keyword>
  </keywords>
</feed>