﻿<?xml version="1.0" encoding="utf-8"?>
<XML>
  <applicationUri>http://www.contoso.com/AdaptiveStreamingStatsTracker.xap</applicationUri>
  <audioBandwidthAvg>932844</audioBandwidthAvg>
  <audioBandwidthMax>27343198</audioBandwidthMax>
  <audioBandwidthMin>46528</audioBandwidthMin>
  <audioBitrates>160016</audioBitrates>
  <audioBufferChunks>0</audioBufferChunks>
  <audioBufferChunksAvg>10</audioBufferChunksAvg>
  <audioBufferChunksMax>11</audioBufferChunksMax>
  <audioBufferSize>0</audioBufferSize>
  <audioBufferSizeAvg>401160</audioBufferSizeAvg>
  <audioBufferSizeMax>458553</audioBufferSizeMax>
  <audioBufferTime>0</audioBufferTime>
  <audioBufferTimeAvg>199669058</audioBufferTimeAvg>
  <audioBufferTimeMax>221692517</audioBufferTimeMax>
  <audioChunks>250</audioChunks>
  <audioCodec>Wma</audioCodec>
  <audioDownloadedDuration>4986427210</audioDownloadedDuration>
  <audioDownloadedSize>10058537</audioDownloadedSize>
  <audioDownloadErrors>0</audioDownloadErrors>
  <audioPlaybackBitrateDurations>4353451247</audioPlaybackBitrateDurations>
  <audioPlaybackBitrates>160016</audioPlaybackBitrates>
  <audioResponseTimeAvg>42</audioResponseTimeAvg>
  <audioResponseTimeMax>881</audioResponseTimeMax>
  <audioResponseTimeMin>1</audioResponseTimeMin>
  <audioSwitches>0</audioSwitches>
  <bandwidthAvg>4721028</bandwidthAvg>
  <bandwidthMax>104207158</bandwidthMax>
  <bandwidthMin>46528</bandwidthMin>
  <browserName>Microsoft Internet Explorer</browserName>
  <browserPlatform>Win32</browserPlatform>
  <browserVersion>4.0</browserVersion>
  <c-buffercount>5</c-buffercount>
  <c-bytes>177010217</c-bytes>
  <clientStartTime>2009-03-19 21:48:18Z</clientStartTime>
  <c-os>Win32NT</c-os>
  <c-osversion>6.0.6001.65536</c-osversion>
  <c-playerId>0a786fb9-ea8b-4851-aa2f-63e2192401ed</c-playerId>
  <c-playerState>EndOfStream</c-playerState>
  <c-playerVersion>2.0.40115.0</c-playerVersion>
  <c-starttime>793</c-starttime>
  <cs-url>http://www.contoso.com/smooth/Big_Buck_Bunny.ism/manifest</cs-url>
  <date>2009-03-19</date>
  <displayHeight>831</displayHeight>
  <displayIsFullScreen>False</displayIsFullScreen>
  <displayWidth>1676</displayWidth>
  <droppedFramesPerSec>0</droppedFramesPerSec>
  <hasDRM>False</hasDRM>
  <isLive>False</isLive>
  <logReason>playerStateChange: Playing-EndOfStream</logReason>
  <manifestRequests>1</manifestRequests>
  <playbackEndTime>2009-03-19 21:59:40Z</playbackEndTime>
  <playbackStartTime>2009-03-19 21:48:19Z</playbackStartTime>
  <renderedFramesPerSec>24</renderedFramesPerSec>
  <requestHeadersEnabled>False</requestHeadersEnabled>
  <seeks>2</seeks>
  <smoothStreamingVersion>2.0</smoothStreamingVersion>
  <startupTimeMs>125.5251</startupTimeMs>
  <time>21:59:40</time>
  <videoBandwidthAvg>6250217</videoBandwidthAvg>
  <videoBandwidthMax>104207158</videoBandwidthMax>
  <videoBandwidthMin>549495</videoBandwidthMin>
  <videoBitrates>336000;636000;936000;1436000;1936000;2936000</videoBitrates>
  <videoBufferChunks>2</videoBufferChunks>
  <videoBufferChunksAvg>10</videoBufferChunksAvg>
  <videoBufferChunksMax>11</videoBufferChunksMax>
  <videoBufferSize>264564</videoBufferSize>
  <videoBufferSizeAvg>6560685</videoBufferSizeAvg>
  <videoBufferSizeMax>8300593</videoBufferSizeMax>
  <videoBufferTime>10833334</videoBufferTime>
  <videoBufferTimeAvg>203326340</videoBufferTimeAvg>
  <videoBufferTimeMax>219583333</videoBufferTimeMax>
  <videoChunks>262</videoChunks>
  <videoCodec>WVC1</videoCodec>
  <videoDownloadedDuration>5223750001</videoDownloadedDuration>
  <videoDownloadedSize>166951680</videoDownloadedSize>
  <videoDownloadErrors>0</videoDownloadErrors>
  <videoPlaybackBitrateDurations>20000000;20000000;20000000;20000000;420000000;760000000;
93333334;20000000;20000000;20000000;20000000;1840000000;669583334;20000000;207916667;20000000;
93333334</videoPlaybackBitrateDurations>
  <videoPlaybackBitrates>336000;636000;936000;1436000;2936000;1936000;2936000;336000;
636000;936000;1436000;2936000;1936000;336000;2936000;336000;2936000</videoPlaybackBitrates>
  <videoResponseTimeAvg>101</videoResponseTimeAvg>
  <videoResponseTimeMax>636</videoResponseTimeMax>
  <videoResponseTimeMin>6</videoResponseTimeMin>
  <videoSwitches>16</videoSwitches>
  <x-duration>11</x-duration>
</XML>