﻿<?xml version="1.0" encoding="utf-8"?>
<feed xmlns="http://www.w3.org/2005/Atom">
  <webpiFile version="2.0.1.0" />

  <title>Web Platform Application Installer 2009 Beta Feed</title>
  <link rel="self" href="http://www.microsoft.com/web/webpi/2.0/WebApplicationList-beta.xml" />
  <updated>2009-1-13T18:30:02Z</updated>
  <author>
    <name>Microsoft</name>
  </author>
  <id>www.microsoft.com/web/webpi/2.0/WebApplicationList.xml</id>

  <!-- Resources -->
  <resourcesList>
    <resources>
      <culture>en</culture>
      <!-- included in file -->
    </resources>
    <resources>
      <culture>fr</culture>
      <url>file://D:\oob\projects\wpi\AppPseudoResources.resx</url>
    </resources>
  </resourcesList>

  <!-- if loaded through a parent XML file then our languages list must be a subset of theirs -->
  <languages>
    <language defalut="true">
      <languageId>en</languageId>
      <name>English</name>
    </language>
  </languages>

  <!-- DasBlog ASP.NET app-->
  <entry type="application">
    <productId>DasBlog</productId>
    <title resourceName="Entry_DasBlog_Title">DasBlog</title>
    <version>2.3</version>
    <summary resourceName="Entry_DasBlog_Summary">dasBlog is an ASP.NET blogging application. It runs on ASP.NET 2.0 and above, dasBlog does not require a database, so it is easier to get setup and cheaper to host. All that dasBlog requires is that you grant write access to a folder so that dasBlog can save your information as XML.</summary>
    <id>http://www.microsoft.com/web/webpi/2.0/dasblog</id>
    <updated>2009-3-18T18:30:02Z</updated>
    <published>2009-03-15T18:30:02Z</published>
    <longSummary resourceName="Entry_DasBlog_LongSummary">dasBlog is an ASP.NET blogging application. It runs on ASP.NET 2.0 and above and is developed in C#. dasBlog does not require a database, so it is easier to get setup and cheaper to host. All that dasBlog requires is that you grant write access to a folder so that dasBlog can save your information as XML. It supports many world languages, has an extensibility model, and is easily skinned and themed.</longSummary>
    <link href="http://dasblog.info/" />
    <author>
      <name>dasBlog.info</name>
      <uri>http://dasblog.info/</uri>
    </author>
    <images>
      <screenshot>DasBlog-270x270.png</screenshot>
      <icon>http://www.microsoft.com/web/media/gallery/apps-screenshots/DasBlog-270x270.png</icon>
    </images>
    <keywords>
      <keywordId>Blogs</keywordId>
      <keywordId>AspNet</keywordId>
    </keywords>
    <dependency>
      <and>
        <!--msdeploy-->
        <dependency>
          <productId>WDeployNoSMO</productId>
        </dependency>
        <!-- bring along IIS for ASP.NET-->
        <dependency>
          <or>
            <!--IIS 5.1-->
            <dependency>
              <productId>IIS51</productId>
            </dependency>
            <!--IIS 6.0-->
            <dependency>
              <productId>IIS60</productId>
            </dependency>
            <!--IIS 7.0-->
            <dependency>
              <and>
                <dependency>
                  <productId>StaticContent</productId>
                </dependency>
                <dependency>
                  <productId>DefaultDocument</productId>
                </dependency>
                <dependency>
                  <productId>DirectoryBrowse</productId>
                </dependency>
                <dependency>
                  <productId>HTTPErrors</productId>
                </dependency>
                <dependency>
                  <productId>HTTPLogging</productId>
                </dependency>
                <dependency>
                  <productId>LoggingTools</productId>
                </dependency>
                <dependency>
                  <productId>RequestMonitor</productId>
                </dependency>
                <dependency>
                  <productId>RequestFiltering</productId>
                </dependency>
                <dependency>
                  <productId>StaticContentCompression</productId>
                </dependency>
                <dependency>
                  <productId>IISManagementConsole</productId>
                </dependency>
                <dependency>
                  <productId>ASPNET</productId>
                </dependency>
                <dependency>
                  <productId>NETExtensibility</productId>
                </dependency>
                <dependency>
                  <productId>ISAPIFilters</productId>
                </dependency>
                <dependency>
                  <productId>ISAPIExtensions</productId>
                </dependency>
              </and>
            </dependency>
          </or>
        </dependency>
        <!-- start aspnet_regiis -->
        <dependency>
          <or>
            <dependency>
              <productId>EnableASPNET</productId>
            </dependency>
            <dependency>
              <productId>VistaNOOP</productId>
            </dependency>
          </or>
        </dependency>
        <!-- end aspnet_regiis -->
      </and>
    </dependency>
    <installers>
      <installer>
        <id>1</id>
        <languageId>en</languageId>
        <osList>
          <os>
            <maximumVersion>
              <osMajorVersion>5</osMajorVersion>
            </maximumVersion>
            <osTypes>
              <Server />
              <HomePremium />
              <Ultimate />
              <Enterprise />
              <Business />
            </osTypes>
          </os>
          <os>
            <minimumVersion>
              <osMajorVersion>6</osMajorVersion>
              <osMinorVersion>0</osMinorVersion>
              <spMajorVersion>1</spMajorVersion>
            </minimumVersion>
            <osTypes>
              <Server />
              <HomePremium />
              <Ultimate />
              <Enterprise />
              <Business />
            </osTypes>
          </os>
        </osList>
        <installerFile>
          <fileSize>2822</fileSize>
          <installerURL>http://go.microsoft.com/fwlink/?LinkId=145747</installerURL>
          <displayURL>http://dasblog.codeplex.com/Project/Download/FileDownload.aspx?DownloadId=62044</displayURL>
          <sha1>76089BD9A1B4C8F23D3985BE2AF136D1397D25C9</sha1>
        </installerFile>
        <helpLink>http://forums.iis.net/1155.aspx</helpLink>
        <msDeploy>
          <startPage />
        </msDeploy>
      </installer>
    </installers>
    <addToFeedDate>3-18-2009</addToFeedDate>
    <pageName>DasBlog</pageName>
  </entry>

  <!-- BlogEngine.NET ASP.NET app-->
  <entry type="application">
    <productId>BlogEngineNET</productId>
    <title resourceName="Entry_BlogEngineNET_Title">BlogEngine.NET</title>
    <version>1.4.5</version>
    <summary resourceName="Entry_BlogEngineNET_Summary">BlogEngine.NET is a fully featured, open source blogging platform written in ASP.NET.  BlogEngine.NET is easily customizable with many downloadable themes, widgets, and extensions.</summary>
    <id>http://www.microsoft.com/web/webpi/2.0/blogengine</id>
    <updated>2009-3-18T18:30:02Z</updated>
    <published>2009-03-18T18:30:02Z</published>
    <longSummary resourceName="Entry_BlogEngineNET_LongSummary">BlogEngine.NET is an open source ASP.NET blogging project that was born out of desire for a better blog platform. We focused on simplicity, ease of extendibility, and innovative features while taking advantage of the latest .NET features. BlogEngine.NET is easily customizable. We have many downloadable themes, widgets, and extensions or you could make your own with some basic .NET skills.  With BlogEngine.NET, it is easy to make your blog look and function exactly how you’d like.</longSummary>
    <link href="http://www.dotnetblogengine.net/" />
    <author>
      <name>dotnetblogengine.net</name>
      <uri>http://www.dotnetblogengine.net/</uri>
    </author>
    <images>
      <screenshot>BlogEngine200x200.jpg</screenshot>
      <icon>http://www.microsoft.com/web/media/gallery/apps-screenshots/BlogEngine200x200.jpg</icon>
    </images>
    <keywords>
      <keywordId>Blogs</keywordId>
      <keywordId>AspNet</keywordId>
    </keywords>
    <dependency>
      <and>
        <!--msdeploy-->
        <dependency>
          <productId>WDeployNoSMO</productId>
        </dependency>
        <!-- bring along IIS for ASP.NET-->
        <dependency>
          <or>
            <!--IIS 5.1-->
            <dependency>
              <productId>IIS51</productId>
            </dependency>
            <!--IIS 6.0-->
            <dependency>
              <productId>IIS60</productId>
            </dependency>
            <!--IIS 7.0-->
            <dependency>
              <and>
                <dependency>
                  <productId>StaticContent</productId>
                </dependency>
                <dependency>
                  <productId>DefaultDocument</productId>
                </dependency>
                <dependency>
                  <productId>DirectoryBrowse</productId>
                </dependency>
                <dependency>
                  <productId>HTTPErrors</productId>
                </dependency>
                <dependency>
                  <productId>HTTPLogging</productId>
                </dependency>
                <dependency>
                  <productId>LoggingTools</productId>
                </dependency>
                <dependency>
                  <productId>RequestMonitor</productId>
                </dependency>
                <dependency>
                  <productId>RequestFiltering</productId>
                </dependency>
                <dependency>
                  <productId>StaticContentCompression</productId>
                </dependency>
                <dependency>
                  <productId>IISManagementConsole</productId>
                </dependency>
                <dependency>
                  <productId>ASPNET</productId>
                </dependency>
                <dependency>
                  <productId>NETExtensibility</productId>
                </dependency>
                <dependency>
                  <productId>ISAPIFilters</productId>
                </dependency>
                <dependency>
                  <productId>ISAPIExtensions</productId>
                </dependency>
              </and>
            </dependency>
          </or>
        </dependency>
        <!-- start aspnet_regiis -->
        <dependency>
          <or>
            <dependency>
              <productId>EnableASPNET</productId>
            </dependency>
            <dependency>
              <productId>VistaNOOP</productId>
            </dependency>
          </or>
        </dependency>
        <!-- end aspnet_regiis -->
      </and>
    </dependency>
    <installers>
      <installer>
        <id>1</id>
        <languageId>en</languageId>
        <osList>
          <os>
            <maximumVersion>
              <osMajorVersion>5</osMajorVersion>
            </maximumVersion>
            <osTypes>
              <Server />
              <HomePremium />
              <Ultimate />
              <Enterprise />
              <Business />
            </osTypes>
          </os>
          <os>
            <minimumVersion>
              <osMajorVersion>6</osMajorVersion>
              <osMinorVersion>0</osMinorVersion>
              <spMajorVersion>1</spMajorVersion>
            </minimumVersion>
            <osTypes>
              <Server />
              <HomePremium />
              <Ultimate />
              <Enterprise />
              <Business />
            </osTypes>
          </os>
        </osList>
        <installerFile>
          <fileSize>1342</fileSize>
          <installerURL>http://go.microsoft.com/fwlink/?LinkId=146340</installerURL>
          <displayURL>http://www.dotnetblogengine.net/downloads/BlogEngine145XML.zip</displayURL>
          <sha1>15261880539BC76B7AC062B76C70DA81F4E18886</sha1>
        </installerFile>
        <helpLink>http://forums.iis.net/1155.aspx</helpLink>
        <msDeploy>
          <startPage />
        </msDeploy>
      </installer>
    </installers>
    <addToFeedDate>3-10-2009</addToFeedDate>
    <pageName>BlogEngine</pageName>
  </entry>

  <!-- Drupal PHPApp, MySQL only-->
  <entry type="application">
    <productId>AcquiaDrupal</productId>
    <title resourceName="Entry_AcquiaDrupal_Title">Acquia Drupal</title>
    <version>1.2.7 (Drupal 6.10 core)</version>
    <summary resourceName="Entry_AcquiaDrupal_Summary">Acquia Drupal provides the fastest on-ramp to build dynamic and social web sites featuring both editorial and user-generated content.   Includes Drupal core with the most popular modules.</summary>
    <id>http://www.microsoft.com/web/webpi/2.0/acquiadrupal</id>
    <updated>2009-4-20T18:30:02Z</updated>
    <published>2009-3-23T18:30:02Z</published>
    <longSummary resourceName="Entry_AcquiaDrupal_LongSummary">Acquia Drupal provides the fastest on-ramp to build dynamic and social web sites featuring both editorial and user-generated content. Whether building a public facing website or a private intranet, Acquia Drupal enables you to use proven social publishing patterns to turn site visitors into active participants.  Acquia Drupal combines Drupal core with a set of the most popular modules – plus access to Acquia Network services and support.  And with over 2000 open source modules available, say goodbye to limitations.</longSummary>
    <link href="http://www.loopfuse.net/webrecorder/kredirect?kid=50&amp;cid=LF_c5c15784" />
    <newCategory resourceName="NewWebApplications">New Web Applications</newCategory>
    <author>
      <name>Acquia.com</name>
      <uri>http://www.loopfuse.net/webrecorder/kredirect?kid=50&amp;cid=LF_c5c15784</uri>
    </author>
    <images>
      <screenshot>Acquia_Drupal-200x200.png</screenshot>
      <icon>http://www.microsoft.com/web/media/gallery/apps-screenshots/Acquia_Drupal-200x200.png</icon>
    </images>
    <keywords>
      <keywordId>ContentMgmt</keywordId>
      <keywordId>Blogs</keywordId>
      <keywordId>Wiki</keywordId>
      <keywordId>PHP</keywordId>
    </keywords>
    <dependency>
      <and>
        <dependency>
          <productId>MySQLConnector</productId>
        </dependency>
        <dependency>
          <productId>WDeployNoSMO</productId>
        </dependency>
        <dependency>
          <or>
            <dependency>
              <productId>PHP</productId>
            </dependency>
            <dependency>
              <productId>LegacyPHP</productId>
            </dependency>
          </or>
        </dependency>
        <!-- bring along IIS for PHP-->
        <dependency>
          <or>
            <dependency>
              <and>
                <dependency>
                  <productId>IIS51</productId>
                </dependency>
                <dependency>
                  <or>
                    <dependency>
                      <productId>FastCGIIIS6</productId>
                    </dependency>
                    <dependency>
                      <productId>FastCGI15BetaIIS6</productId>
                    </dependency>
                  </or>
                </dependency>
              </and>
            </dependency>
            <!--IIS 6.0-->
            <dependency>
              <and>
                <!--IIS-->
                <dependency>
                  <productId>IIS60</productId>
                </dependency>
                <!--FastCGI-->
                <dependency>
                  <or>
                    <dependency>
                      <productId>FastCGIIIS6</productId>
                    </dependency>
                    <dependency>
                      <productId>FastCGI15BetaIIS6</productId>
                    </dependency>
                  </or>
                </dependency>
              </and>
            </dependency>
            <!--IIS 7.0-->
            <dependency>
              <and>
                <dependency>
                  <productId>StaticContent</productId>
                </dependency>
                <dependency>
                  <productId>DefaultDocument</productId>
                </dependency>
                <dependency>
                  <productId>DirectoryBrowse</productId>
                </dependency>
                <dependency>
                  <productId>HTTPErrors</productId>
                </dependency>
                <dependency>
                  <productId>HTTPLogging</productId>
                </dependency>
                <dependency>
                  <productId>LoggingTools</productId>
                </dependency>
                <dependency>
                  <productId>RequestMonitor</productId>
                </dependency>
                <dependency>
                  <productId>RequestFiltering</productId>
                </dependency>
                <dependency>
                  <productId>StaticContentCompression</productId>
                </dependency>
                <dependency>
                  <productId>IISManagementConsole</productId>
                </dependency>
                <dependency>
                  <productId>CGI</productId>
                </dependency>
                <!--URL Rewriter-->
                <dependency>
                  <or>
                    <dependency>
                      <productId>UrlRewrite</productId>
                    </dependency>
                    <dependency>
                      <productId>UrlRewrite10</productId>
                    </dependency>
                  </or>
                </dependency>
              </and>
            </dependency>
          </or>
        </dependency>
        <dependency>
          <!-- MySQL (external) -->
          <productId>MySQL</productId>
        </dependency>
      </and>
    </dependency>
    <installers>
      <installer>
        <id>1</id>
        <languageId>en</languageId>
        <osList>
          <os>
            <maximumVersion>
              <osMajorVersion>5</osMajorVersion>
            </maximumVersion>
            <osTypes>
              <Server />
              <HomePremium />
              <Ultimate />
              <Enterprise />
              <Business />
            </osTypes>
          </os>
          <os>
            <minimumVersion>
              <osMajorVersion>6</osMajorVersion>
              <osMinorVersion>0</osMinorVersion>
              <spMajorVersion>1</spMajorVersion>
            </minimumVersion>
            <osTypes>
              <Server />
              <HomePremium />
              <Ultimate />
              <Enterprise />
              <Business />
            </osTypes>
          </os>
        </osList>
        <installerFile>
          <fileSize>6512</fileSize>
          <installerURL>http://go.microsoft.com/fwlink/?LinkId=145750</installerURL>
          <displayURL>http://acquia.com/files/downloads/acquia-drupal-web-deploy-1.2.7-4915.5098.zip</displayURL>
          <sha1>BDC09F9CBA93BFC9267C00F69C95526BBF4D043B</sha1>
        </installerFile>
        <helpLink>http://forums.iis.net/1155.aspx</helpLink>
        <msDeploy>
          <startPage>install.php</startPage>
        </msDeploy>
      </installer>
    </installers>
    <addToFeedDate>3-25-2009</addToFeedDate>
    <pageName>AcquiaDrupal</pageName>
  </entry>

  <!-- WordPress, PHPApp, MySQL-->
  <entry type="application">
    <productId>WordPress</productId>
    <title resourceName="Entry_WordPress_Title">WordPress</title>
    <version>2.7.1</version>
    <summary resourceName="Entry_WordPress_Summary">WordPress is a state-of-the-art publishing platform with a focus on aesthetics, web standards, and usability.</summary>
    <id>http://www.microsoft.com/web/webpi/2.0/wordpress</id>
    <updated>2009-3-18T18:30:02Z</updated>
    <published>2009-2-10T18:30:02Z</published>
    <longSummary resourceName="Entry_WordPress_LongSummary">WordPress started in 2003 with a single bit of code to enhance the typography of everyday writing and with fewer users than you can count on your fingers and toes. Since then it has grown to be the largest self-hosted blogging tool in the world, used on hundreds of thousands of sites and seen by tens of millions of people every day.</longSummary>
    <productFamily resourceName="Applications">Applications</productFamily>
    <link href="http://wordpress.org" />
    <keywords>
      <keywordId>Blogs</keywordId>
      <keywordId>PHP</keywordId>
    </keywords>
    <author>
      <name>WordPress</name>
      <uri>http://wordpress.org/</uri>
    </author>
    <images>
      <icon>http://www.microsoft.com/web/media/gallery/apps-screenshots/wordpress-250x250.png</icon>
      <screenshot>wordpress-250x250.png</screenshot>
    </images>
    <dependency>
      <and>
        <!--msdeploy-->
        <dependency>
          <productId>WDeployNoSMO</productId>
        </dependency>
        <!--php-->
        <dependency>
          <or>
            <dependency>
              <productId>PHP</productId>
            </dependency>
            <dependency>
              <productId>LegacyPHP</productId>
            </dependency>
          </or>
        </dependency>
        <dependency>
          <productId>MySQLConnector</productId>
          <!--connector/net-->
        </dependency>
        <!-- bring along IIS for PHP-->
        <dependency>
          <or>
            <!--IIS 5.1-->
            <dependency>
              <and>
                <!--IIS-->
                <dependency>
                  <productId>IIS51</productId>
                </dependency>
                <!--FastCGI-->
                <dependency>
                  <or>
                    <dependency>
                      <productId>FastCGIIIS6</productId>
                    </dependency>
                    <dependency>
                      <productId>FastCGI15BetaIIS6</productId>
                    </dependency>
                  </or>
                </dependency>
              </and>
            </dependency>
            <!--IIS 6.0-->
            <dependency>
              <and>
                <!--IIS-->
                <dependency>
                  <productId>IIS60</productId>
                </dependency>
                <!--FastCGI-->
                <dependency>
                  <or>
                    <dependency>
                      <productId>FastCGIIIS6</productId>
                    </dependency>
                    <dependency>
                      <productId>FastCGI15BetaIIS6</productId>
                    </dependency>
                  </or>
                </dependency>
              </and>
            </dependency>
            <!--IIS 7.0-->
            <dependency>
              <and>
                <dependency>
                  <productId>StaticContent</productId>
                </dependency>
                <dependency>
                  <productId>DefaultDocument</productId>
                </dependency>
                <dependency>
                  <productId>DirectoryBrowse</productId>
                </dependency>
                <dependency>
                  <productId>HTTPErrors</productId>
                </dependency>
                <dependency>
                  <productId>HTTPLogging</productId>
                </dependency>
                <dependency>
                  <productId>LoggingTools</productId>
                </dependency>
                <dependency>
                  <productId>RequestMonitor</productId>
                </dependency>
                <dependency>
                  <productId>RequestFiltering</productId>
                </dependency>
                <dependency>
                  <productId>StaticContentCompression</productId>
                </dependency>
                <dependency>
                  <productId>IISManagementConsole</productId>
                </dependency>
                <dependency>
                  <productId>CGI</productId>
                </dependency>
                <!--URL Rewriter-->
                <dependency>
                  <or>
                    <dependency>
                      <productId>UrlRewrite</productId>
                    </dependency>
                    <dependency>
                      <productId>UrlRewrite10</productId>
                    </dependency>
                  </or>
                </dependency>
              </and>
            </dependency>
          </or>
        </dependency>
        <dependency>
          <!-- MySQL (external) -->
          <productId>MySQL</productId>
        </dependency>
      </and>
    </dependency>
    <installers>
      <installer>
        <id>1</id>
        <languageId>en</languageId>
        <osList>
          <os>
            <maximumVersion>
              <osMajorVersion>5</osMajorVersion>
            </maximumVersion>
            <osTypes>
              <Server />
              <HomePremium />
              <Ultimate />
              <Enterprise />
              <Business />
            </osTypes>
          </os>
          <os>
            <minimumVersion>
              <osMajorVersion>6</osMajorVersion>
              <osMinorVersion>0</osMinorVersion>
              <spMajorVersion>1</spMajorVersion>
            </minimumVersion>
            <osTypes>
              <Server />
              <HomePremium />
              <Ultimate />
              <Enterprise />
              <Business />
            </osTypes>
          </os>
        </osList>
        <installerFile>
          <fileSize>1761</fileSize>
          <installerURL>http://go.microsoft.com/fwlink/?LinkId=145752</installerURL>
          <displayURL>http://wordpress.org/wordpress-2.7.1-IIS-RC1.zip</displayURL>
          <sha1>5AD044CB9C138461AA1B867C04C114C56DFFB057</sha1>
        </installerFile>
        <helpLink>http://forums.iis.net/1155.aspx</helpLink>
        <msDeploy>
          <startPage />
        </msDeploy>
      </installer>
    </installers>
    <addToFeedDate>3-10-2009</addToFeedDate>
    <pageName>WordPress</pageName>
  </entry>

  <!-- Gallery 2, PHPApp, MySQL or SQL-->
  <entry type="application">
    <productId>Gallery</productId>
    <title resourceName="Entry_Gallery_Title">Gallery</title>
    <version>2.3</version>
    <summary resourceName="Entry_Gallery_Summary">A slick, intuitive web based photo gallery. Gallery is easy to install, configure and use. Gallery photo management includes automatic thumbnails, resizing, rotation, and more. Authenticated users and privileged albums make this great for communities.</summary>
    <id>http://www.microsoft.com/web/webpi/2.0/gallery2</id>
    <updated>2009-3-18T18:30:02Z</updated>
    <published>2009-3-18T18:30:02Z</published>
    <longSummary resourceName="Entry_Gallery_LongSummary">With Gallery you can easily create and maintain albums of photos via an intuitive interface. Photo management includes automatic thumbnail creation, image resizing, rotation, ordering, captioning, searching and more. Albums and photos can have view, edit, delete and other permissions per individual authenticated user for an additional level of privacy. It's great for communities - give accounts to your friends and family and let them upload and manage their own photos on your website!</longSummary>
    <link href="http://gallery.menalto.com/about" />
    <productFamily resourceName="Applications">Applications</productFamily>
    <related>
      <!-- sql express -->
      <relatedProduct>
        <productId>SQLExpress</productId>
        <relatedDiscoveryHint>SQL2005</relatedDiscoveryHint>
        <relatedDiscoveryHint>MySQL</relatedDiscoveryHint>
      </relatedProduct>
    </related>
    <keywords>
      <keywordId>Galleries</keywordId>
      <keywordId>PHP</keywordId>
    </keywords>
    <author>
      <name>menalto.com</name>
      <uri>http://gallery.menalto.com/</uri>
    </author>
    <images>
      <screenshot>Gallery200x200.png</screenshot>
      <icon>http://www.microsoft.com/web/media/gallery/apps-screenshots/Gallery200x200.png</icon>
    </images>
    <dependency>
      <and>
        <!--msdeploy-->
        <dependency>
          <productId>WDeployNoSMO</productId>
        </dependency>
        <!--php-->
        <dependency>
          <or>
            <dependency>
              <productId>PHP</productId>
            </dependency>
            <dependency>
              <productId>LegacyPHP</productId>
            </dependency>
          </or>
        </dependency>
        <!--SMO and NET Connector-->
        <dependency>
          <productId>MySQLConnector</productId>
        </dependency>
        <dependency>
          <productId>SMO</productId>
        </dependency>
        <!-- bring along IIS for PHP-->
        <dependency>
          <or>
            <!--IIS 5.1-->
            <dependency>
              <and>
                <!--IIS-->
                <dependency>
                  <productId>IIS51</productId>
                </dependency>
                <!--FastCGI-->
                <dependency>
                  <or>
                    <dependency>
                      <productId>FastCGIIIS6</productId>
                    </dependency>
                    <dependency>
                      <productId>FastCGI15BetaIIS6</productId>
                    </dependency>
                  </or>
                </dependency>
              </and>
            </dependency>
            <!--IIS 6.0-->
            <dependency>
              <and>
                <!--IIS-->
                <dependency>
                  <productId>IIS60</productId>
                </dependency>
                <!--FastCGI-->
                <dependency>
                  <or>
                    <dependency>
                      <productId>FastCGIIIS6</productId>
                    </dependency>
                    <dependency>
                      <productId>FastCGI15BetaIIS6</productId>
                    </dependency>
                  </or>
                </dependency>
              </and>
            </dependency>
            <!--IIS 7.0-->
            <dependency>
              <and>
                <dependency>
                  <productId>StaticContent</productId>
                </dependency>
                <dependency>
                  <productId>DefaultDocument</productId>
                </dependency>
                <dependency>
                  <productId>DirectoryBrowse</productId>
                </dependency>
                <dependency>
                  <productId>HTTPErrors</productId>
                </dependency>
                <dependency>
                  <productId>HTTPLogging</productId>
                </dependency>
                <dependency>
                  <productId>LoggingTools</productId>
                </dependency>
                <dependency>
                  <productId>RequestMonitor</productId>
                </dependency>
                <dependency>
                  <productId>RequestFiltering</productId>
                </dependency>
                <dependency>
                  <productId>StaticContentCompression</productId>
                </dependency>
                <dependency>
                  <productId>IISManagementConsole</productId>
                </dependency>
                <dependency>
                  <productId>CGI</productId>
                </dependency>
              </and>
            </dependency>
          </or>
        </dependency>
        <dependency>
          <!-- MySQL or sql (external) -->
          <productId>MySQLOrSQLExpress</productId>
        </dependency>
      </and>
    </dependency>
    <installers>
      <installer>
        <id>1</id>
        <languageId>en</languageId>
        <installerFile>
          <osList>
            <os>
              <maximumVersion>
                <osMajorVersion>5</osMajorVersion>
              </maximumVersion>
              <osTypes>
                <Server />
                <HomePremium />
                <Ultimate />
                <Enterprise />
                <Business />
              </osTypes>
            </os>
            <os>
              <minimumVersion>
                <osMajorVersion>6</osMajorVersion>
                <osMinorVersion>0</osMinorVersion>
                <spMajorVersion>1</spMajorVersion>
              </minimumVersion>
              <osTypes>
                <Server />
                <HomePremium />
                <Ultimate />
                <Enterprise />
                <Business />
              </osTypes>
            </os>
          </osList>
          <fileSize>20962</fileSize>
          <installerURL>http://go.microsoft.com/fwlink/?LinkId=145755</installerURL>
          <displayURL>http://downloads.sourceforge.net/gallery/gallery-2.3-iis.zip</displayURL>
          <sha1>8472ECEAB3AB1815D773159DAE1AA0C2673BEF51</sha1>
        </installerFile>
        <helpLink>http://forums.iis.net/1155.aspx</helpLink>
        <msDeploy>
          <startPage />
        </msDeploy>
      </installer>
    </installers>
    <addToFeedDate>3-18-2009</addToFeedDate>
    <pageName>Gallery</pageName>
  </entry>

  <!-- SilverStripe PHPApp, MySQL only-->
  <entry type="application">
    <productId>SilverStripeCMS</productId>
    <title resourceName="Entry_SilverStripeCMS_Title">SilverStripe CMS</title>
    <version>2.3.1</version>
    <summary resourceName="Entry_SilverStripeCMS_Summary">Modern, user-friendly content management system. Extendable by web developers through PHP framework.</summary>
    <id>http://www.microsoft.com/web/webpi/2.0/silverstripe_2_3_1</id>
    <updated>2009-3-18T18:30:02Z</updated>
    <published>2009-3-18T18:30:02Z</published>
    <longSummary resourceName="Entry_SilverStripeCMS_LongSummary">SilverStripe is a modern open source programming framework and content management system (CMS) for creating and maintaining websites. It provides an intuitive web-based administration panel, allowing any person to maintain their website without knowledge of markup or programming languages.</longSummary>
    <link href="http://www.silverstripe.org/" />
    <keywords>
      <keywordId>ContentMgmt</keywordId>
      <keywordId>PHP</keywordId>
    </keywords>
    <author>
      <name>SilverStripe</name>
      <uri>http://www.silverstripe.org/</uri>
    </author>
    <images>
      <screenshot>SilverStripe-200x200.png</screenshot>
      <icon>http://www.microsoft.com/web/media/gallery/apps-screenshots/SilverStripe-200x200.png</icon>
    </images>
    <dependency>
      <and>
        <dependency>
          <productId>MySQLConnector</productId>
          <!--connector/net-->
        </dependency>
        <!--msdeploy-->
        <dependency>
          <productId>WDeployNoSMO</productId>
        </dependency>
        <!--php-->
        <dependency>
          <or>
            <dependency>
              <productId>PHP</productId>
            </dependency>
            <dependency>
              <productId>LegacyPHP</productId>
            </dependency>
          </or>
        </dependency>
        <!-- bring along IIS for PHP-->
        <dependency>
          <or>
            <!--IIS 5.1-->
            <dependency>
              <and>
                <!--IIS-->
                <dependency>
                  <productId>IIS51</productId>
                </dependency>
                <!--FastCGI-->
                <dependency>
                  <or>
                    <dependency>
                      <productId>FastCGIIIS6</productId>
                    </dependency>
                    <dependency>
                      <productId>FastCGI15BetaIIS6</productId>
                    </dependency>
                  </or>
                </dependency>
              </and>
            </dependency>
            <!--IIS 6.0-->
            <dependency>
              <and>
                <!--IIS-->
                <dependency>
                  <productId>IIS60</productId>
                </dependency>
                <!--FastCGI-->
                <dependency>
                  <or>
                    <dependency>
                      <productId>FastCGIIIS6</productId>
                    </dependency>
                    <dependency>
                      <productId>FastCGI15BetaIIS6</productId>
                    </dependency>
                  </or>
                </dependency>
              </and>
            </dependency>
            <!--IIS 7.0-->
            <dependency>
              <and>
                <dependency>
                  <productId>StaticContent</productId>
                </dependency>
                <dependency>
                  <productId>DefaultDocument</productId>
                </dependency>
                <dependency>
                  <productId>DirectoryBrowse</productId>
                </dependency>
                <dependency>
                  <productId>HTTPErrors</productId>
                </dependency>
                <dependency>
                  <productId>HTTPLogging</productId>
                </dependency>
                <dependency>
                  <productId>LoggingTools</productId>
                </dependency>
                <dependency>
                  <productId>RequestMonitor</productId>
                </dependency>
                <dependency>
                  <productId>RequestFiltering</productId>
                </dependency>
                <dependency>
                  <productId>StaticContentCompression</productId>
                </dependency>
                <dependency>
                  <productId>IISManagementConsole</productId>
                </dependency>
                <dependency>
                  <productId>CGI</productId>
                </dependency>
                <!--URL Rewriter-->
                <dependency>
                  <or>
                    <dependency>
                      <productId>UrlRewrite</productId>
                    </dependency>
                    <dependency>
                      <productId>UrlRewrite10</productId>
                    </dependency>
                  </or>
                </dependency>
              </and>
            </dependency>
          </or>
        </dependency>
        <dependency>
          <!-- MySQL (external) -->
          <productId>MySQL</productId>
        </dependency>
      </and>
    </dependency>
    <installers>
      <installer>
        <id>1</id>
        <languageId>en</languageId>
        <osList>
          <os>
            <maximumVersion>
              <osMajorVersion>5</osMajorVersion>
            </maximumVersion>
            <osTypes>
              <Server />
              <HomePremium />
              <Ultimate />
              <Enterprise />
              <Business />
            </osTypes>
          </os>
          <os>
            <minimumVersion>
              <osMajorVersion>6</osMajorVersion>
              <osMinorVersion>0</osMinorVersion>
              <spMajorVersion>1</spMajorVersion>
            </minimumVersion>
            <osTypes>
              <Server />
              <HomePremium />
              <Ultimate />
              <Enterprise />
              <Business />
            </osTypes>
          </os>
        </osList>
        <installerFile>
          <fileSize>8002</fileSize>
          <installerURL>http://go.microsoft.com/fwlink/?LinkId=145554</installerURL>
          <displayURL>http://www.silverstripe.org/assets/downloads/webpi/silverstripe-2.3.1-webpi.zip</displayURL>
          <sha1>68AE9624376B9B3CF619E701A1CE1A8C1E5147C9</sha1>
        </installerFile>
        <helpLink>http://forums.iis.net/1155.aspx</helpLink>
        <msDeploy>
          <startPage>index.php</startPage>
        </msDeploy>
      </installer>
    </installers>
    <addToFeedDate>3-18-2009</addToFeedDate>
    <pageName>SilverStripe</pageName>
  </entry>

  <!-- DotNetNuke, ASP.NET, SQL-->
  <entry type="application">
    <productId>DotNetNuke</productId>
    <title resourceName="Entry_DotNetNuke_Title">DotNetNuke® Community Edition</title>
    <version>4.9.3 Community Edition</version>
    <summary resourceName="Entry_DotNetNuke_Summary">DotNetNuke® is the ideal platform for building professional websites and web applications with dynamic content and interactive features.</summary>
    <id>http://www.microsoft.com/web/webpi/2.0/dotnetnuke</id>
    <updated>2009-4-10T18:30:02Z</updated>
    <published>2009-4-09T18:30:02Z</published>
    <longSummary resourceName="Entry_DotNetNuke_LongSummary">DotNetNuke® is the leading open source framework for building websites and web applications on Microsoft ASP.NET. Through an intuitive, menu-driven interface, even non-technical users can use DotNetNuke to easily create powerful websites or extend the functionality and features of existing web applications. With an enthusiastic open-source community and hundreds of thousands of intranets, extranets, and public websites deployed on DotNetNuke over the past 6 years, DotNetNuke is the world’s most widely adopted framework for building web solutions on the Microsoft stack.</longSummary>
    <productFamily resourceName="Applications">Applications</productFamily>
    <link href="http://www.dotnetnuke.com/Products/Overview/tabid/1206/Default.aspx" />
    <author>
      <name>DotNetNuke Corporation</name>
      <uri>http://www.dotnetnuke.com</uri>
    </author>
    <images>
      <icon>http://www.microsoft.com/web/media/gallery/apps-screenshots/dotnetnuke_screenshot_200x200.png</icon>
      <screenshot>dotnetnuke_screenshot_200x200.png</screenshot>
    </images>
    <keywords>
      <keywordId>ContentMgmt</keywordId>
      <keywordId>AspNet</keywordId>
    </keywords>
    <related>
      <!-- sql express -->
      <relatedProduct>
        <productId>SQLExpress</productId>
        <relatedDiscoveryHint>SQL2005</relatedDiscoveryHint>
      </relatedProduct>
    </related>
    <dependency>
      <and>
        <!--msdeploy-->
        <dependency>
          <productId>WDeployNoSMO</productId>
        </dependency>
        <!--SMO-->
        <dependency>
          <productId>SMO</productId>
        </dependency>
        <!-- bring along IIS for ASP.NET-->
        <dependency>
          <or>
            <!--IIS 5.1-->
            <dependency>
              <productId>IIS51</productId>
            </dependency>
            <!--IIS 6.0-->
            <dependency>
              <productId>IIS60</productId>
            </dependency>
            <!--IIS 7.0-->
            <dependency>
              <and>
                <dependency>
                  <productId>StaticContent</productId>
                </dependency>
                <dependency>
                  <productId>DefaultDocument</productId>
                </dependency>
                <dependency>
                  <productId>DirectoryBrowse</productId>
                </dependency>
                <dependency>
                  <productId>HTTPErrors</productId>
                </dependency>
                <dependency>
                  <productId>HTTPLogging</productId>
                </dependency>
                <dependency>
                  <productId>LoggingTools</productId>
                </dependency>
                <dependency>
                  <productId>RequestMonitor</productId>
                </dependency>
                <dependency>
                  <productId>RequestFiltering</productId>
                </dependency>
                <dependency>
                  <productId>StaticContentCompression</productId>
                </dependency>
                <dependency>
                  <productId>IISManagementConsole</productId>
                </dependency>
                <dependency>
                  <productId>ASPNET</productId>
                </dependency>
                <dependency>
                  <productId>NETExtensibility</productId>
                </dependency>
                <dependency>
                  <productId>ISAPIFilters</productId>
                </dependency>
                <dependency>
                  <productId>ISAPIExtensions</productId>
                </dependency>
              </and>
            </dependency>
          </or>
        </dependency>
        <!-- start aspnet_regiis -->
        <dependency>
          <or>
            <dependency>
              <productId>EnableASPNET</productId>
            </dependency>
            <dependency>
              <productId>VistaNOOP</productId>
            </dependency>
          </or>
        </dependency>
        <!-- end aspnet_regiis -->
      </and>
    </dependency>
    <installers>
      <installer>
        <id>1</id>
        <languageId>en</languageId>
        <osList>
          <os>
            <maximumVersion>
              <osMajorVersion>5</osMajorVersion>
            </maximumVersion>
            <osTypes>
              <Server />
              <HomePremium />
              <Ultimate />
              <Enterprise />
              <Business />
            </osTypes>
          </os>
          <os>
            <minimumVersion>
              <osMajorVersion>6</osMajorVersion>
              <osMinorVersion>0</osMinorVersion>
              <spMajorVersion>1</spMajorVersion>
            </minimumVersion>
            <osTypes>
              <Server />
              <HomePremium />
              <Ultimate />
              <Enterprise />
              <Business />
            </osTypes>
          </os>
        </osList>
        <installerFile>
          <fileSize>9134</fileSize>
          <installerURL>http://go.microsoft.com/fwlink/?LinkId=145757</installerURL>
          <displayURL>http://dotnetnuke.codeplex.com/Project/Download/FileDownload.aspx?DownloadId=61788</displayURL>
          <sha1>A4C71C901CE61C8B2BE94A5A8D80676CB7BEF281</sha1>
        </installerFile>
        <helpLink>http://forums.iis.net/1155.aspx</helpLink>
        <msDeploy>
          <startPage>Default.aspx</startPage>
        </msDeploy>
      </installer>
    </installers>
    <addToFeedDate>3-18-2009</addToFeedDate>
    <pageName>DotNetNuke</pageName>
  </entry>

  <!-- Umbraco, ASP.NET, SQL-->
  <entry type="application">
    <productId>Umbraco</productId>
    <title resourceName="Entry_Umbraco_Title">Umbraco</title>
    <version>4.0.1</version>
    <summary resourceName="Entry_Umbraco_Summary">The friendly CMS that supports all modern browsers; users can edit with Word or LiveWriter; designers can create accessible and valid XHTML; developers can integrate any .NET control simply.</summary>
    <id>http://www.microsoft.com/web/webpi/2.0/umbraco</id>
    <updated>2009-4-10T18:30:02Z</updated>
    <published>2009-3-27T18:30:02Z</published>
    <longSummary resourceName="Entry_Umbraco_LongSummary">A developer friendly CMS that makes it quick and easy to create websites - or a breeze to build complex web applications. Umbraco has award-winning integration capabilities and supports your ASP.NET User and Custom Controls natively. It's a developers dream and your users will love it too. Used by more than 60,000 active websites including; Heinz.com, Peugeot.com, and NAIAS.com; you can be sure that the technology is proven, stable and scales.  Umbraco should be installed in the root of a website.</longSummary>
    <productFamily resourceName="Applications">Applications</productFamily>
    <newCategory resourceName="NewWebApplications">New Web Applications</newCategory>
    <link href="http://umbraco.org/" />
    <author>
      <name>umbraco.org</name>
      <uri>http://umbraco.org/</uri>
    </author>
    <images>
      <screenshot>umbraco-200x200.png</screenshot>
      <icon>http://www.microsoft.com/web/media/gallery/apps-screenshots/umbraco-200x200.png</icon>
    </images>
    <keywords>
      <keywordId>ContentMgmt</keywordId>
      <keywordId>AspNet</keywordId>
    </keywords>
    <related>
      <!-- sql express -->
      <relatedProduct>
        <productId>SQLExpress</productId>
        <relatedDiscoveryHint>SQL2005</relatedDiscoveryHint>
      </relatedProduct>
    </related>
    <dependency>
      <and>
        <!--msdeploy-->
        <dependency>
          <productId>WDeployNoSMO</productId>
        </dependency>
        <!--asp.net-->
        <dependency>
          <productId>NETFramework35</productId>
        </dependency>
        <!--SMO-->
        <dependency>
          <productId>SMO</productId>
        </dependency>
        <!-- bring along IIS for ASP.NET-->
        <dependency>
          <or>
            <!--IIS 5.1-->
            <dependency>
              <productId>IIS51</productId>
            </dependency>
            <!--IIS 6.0-->
            <dependency>
              <productId>IIS60</productId>
            </dependency>
            <!--IIS 7.0-->
            <dependency>
              <and>
                <dependency>
                  <productId>StaticContent</productId>
                </dependency>
                <dependency>
                  <productId>DefaultDocument</productId>
                </dependency>
                <dependency>
                  <productId>DirectoryBrowse</productId>
                </dependency>
                <dependency>
                  <productId>HTTPErrors</productId>
                </dependency>
                <dependency>
                  <productId>HTTPLogging</productId>
                </dependency>
                <dependency>
                  <productId>LoggingTools</productId>
                </dependency>
                <dependency>
                  <productId>RequestMonitor</productId>
                </dependency>
                <dependency>
                  <productId>RequestFiltering</productId>
                </dependency>
                <dependency>
                  <productId>StaticContentCompression</productId>
                </dependency>
                <dependency>
                  <productId>IISManagementConsole</productId>
                </dependency>
                <dependency>
                  <productId>ASPNET</productId>
                </dependency>
                <dependency>
                  <productId>NETExtensibility</productId>
                </dependency>
                <dependency>
                  <productId>ISAPIFilters</productId>
                </dependency>
                <dependency>
                  <productId>ISAPIExtensions</productId>
                </dependency>
              </and>
            </dependency>
          </or>
        </dependency>
        <!-- start aspnet_regiis -->
        <dependency>
          <or>
            <dependency>
              <productId>EnableASPNET</productId>
            </dependency>
            <dependency>
              <productId>VistaNOOP</productId>
            </dependency>
          </or>
        </dependency>
        <!-- end aspnet_regiis -->
      </and>
    </dependency>
    <installers>
      <installer>
        <id>1</id>
        <languageId>en</languageId>
        <osList>
          <os>
            <maximumVersion>
              <osMajorVersion>5</osMajorVersion>
            </maximumVersion>
            <osTypes>
              <Server />
              <HomePremium />
              <Ultimate />
              <Enterprise />
              <Business />
            </osTypes>
          </os>
          <os>
            <minimumVersion>
              <osMajorVersion>6</osMajorVersion>
              <osMinorVersion>0</osMinorVersion>
              <spMajorVersion>1</spMajorVersion>
            </minimumVersion>
            <osTypes>
              <Server />
              <HomePremium />
              <Ultimate />
              <Enterprise />
              <Business />
            </osTypes>
          </os>
        </osList>
        <installerFile>
          <fileSize>4884</fileSize>
          <installerURL>http://go.microsoft.com/fwlink/?LinkId=146353</installerURL>
          <displayURL>http://umbraco.codeplex.com/project/download/filedownload.aspx?DownloadId=62884</displayURL>
          <sha1>BE58B381D30726457D7A44C6CED5C483377D866E</sha1>
        </installerFile>
        <helpLink>http://forums.iis.net/1155.aspx</helpLink>
        <msDeploy>
          <startPage>/install/default.aspx</startPage>
        </msDeploy>
      </installer>
    </installers>
    <addToFeedDate>3-10-2009</addToFeedDate>
    <pageName>Umbraco</pageName>
  </entry>

  <!-- Subtext, ASP.NET, SQL-->
  <entry type="application">
    <productId>Subtext</productId>
    <title resourceName="Entry_Subtext_Title">Subtext</title>
    <version>2.1.1</version>
    <summary resourceName="Entry_Subtext_Summary">Subtext is a personal blog publishing platform that focuses on usability, elegance, and simplicity.</summary>
    <id>http://www.microsoft.com/web/webpi/2.0/umbraco</id>
    <updated>2009-3-18T18:30:02Z</updated>
    <published>2009-3-18T18:30:02Z</published>
    <longSummary resourceName="Entry_Subtext_LongSummary">Subtext is a personal blog publishing platform that focuses on usability, elegance, and simplicity. If you’ve ever caught yourself throwing your hands in the air and declaring that you’re going to write your own blogging engine, then Subtext is for you.</longSummary>
    <productFamily resourceName="Applications">Applications</productFamily>
    <link href="http://subtextproject.com/" />
    <author>
      <name>Subtext Project</name>
      <uri>http://subtextproject.com/</uri>
    </author>
    <images>
      <screenshot>subtext200x200.png</screenshot>
      <icon>http://www.microsoft.com/web/media/gallery/apps-screenshots/subtext200x200.png</icon>
    </images>
    <keywords>
      <keywordId>Blogs</keywordId>
      <keywordId>AspNet</keywordId>
    </keywords>
    <related>
      <!-- sql express -->
      <relatedProduct>
        <productId>SQLExpress</productId>
        <relatedDiscoveryHint>SQL2005</relatedDiscoveryHint>
      </relatedProduct>
    </related>
    <dependency>
      <and>
        <!--msdeploy-->
        <dependency>
          <productId>WDeployNoSMO</productId>
        </dependency>
        <!--SMO-->
        <dependency>
          <productId>SMO</productId>
        </dependency>
        <!-- bring along IIS for ASP.NET-->
        <dependency>
          <or>
            <!--IIS 5.1-->
            <dependency>
              <productId>IIS51</productId>
            </dependency>
            <!--IIS 6.0-->
            <dependency>
              <productId>IIS60</productId>
            </dependency>
            <!--IIS 7.0-->
            <dependency>
              <and>
                <dependency>
                  <productId>StaticContent</productId>
                </dependency>
                <dependency>
                  <productId>DefaultDocument</productId>
                </dependency>
                <dependency>
                  <productId>DirectoryBrowse</productId>
                </dependency>
                <dependency>
                  <productId>HTTPErrors</productId>
                </dependency>
                <dependency>
                  <productId>HTTPLogging</productId>
                </dependency>
                <dependency>
                  <productId>LoggingTools</productId>
                </dependency>
                <dependency>
                  <productId>RequestMonitor</productId>
                </dependency>
                <dependency>
                  <productId>RequestFiltering</productId>
                </dependency>
                <dependency>
                  <productId>StaticContentCompression</productId>
                </dependency>
                <dependency>
                  <productId>IISManagementConsole</productId>
                </dependency>
                <dependency>
                  <productId>ASPNET</productId>
                </dependency>
                <dependency>
                  <productId>NETExtensibility</productId>
                </dependency>
                <dependency>
                  <productId>ISAPIFilters</productId>
                </dependency>
                <dependency>
                  <productId>ISAPIExtensions</productId>
                </dependency>
              </and>
            </dependency>
          </or>
        </dependency>
        <!-- start aspnet_regiis -->
        <dependency>
          <or>
            <dependency>
              <productId>EnableASPNET</productId>
            </dependency>
            <dependency>
              <productId>VistaNOOP</productId>
            </dependency>
          </or>
        </dependency>
        <!-- end aspnet_regiis -->
      </and>
    </dependency>
    <installers>
      <installer>
        <id>1</id>
        <languageId>en</languageId>
        <osList>
          <os>
            <maximumVersion>
              <osMajorVersion>5</osMajorVersion>
            </maximumVersion>
            <osTypes>
              <Server />
              <HomePremium />
              <Ultimate />
              <Enterprise />
              <Business />
            </osTypes>
          </os>
          <os>
            <minimumVersion>
              <osMajorVersion>6</osMajorVersion>
              <osMinorVersion>0</osMinorVersion>
              <spMajorVersion>1</spMajorVersion>
            </minimumVersion>
            <osTypes>
              <Server />
              <HomePremium />
              <Ultimate />
              <Enterprise />
              <Business />
            </osTypes>
          </os>
        </osList>
        <installerFile>
          <fileSize>3594</fileSize>
          <installerURL>http://go.microsoft.com/fwlink/?LinkId=146352</installerURL>
          <displayURL>http://subtext.googlecode.com/files/subtext-2.1.1.zip</displayURL>
          <sha1>F1E53699BDC97B42266A8E70C50701427EA38B4F</sha1>
        </installerFile>
        <helpLink>http://forums.iis.net/1155.aspx</helpLink>
        <msDeploy>
          <startPage>install/default.aspx</startPage>
        </msDeploy>
      </installer>
    </installers>
    <addToFeedDate>3-18-2009</addToFeedDate>
    <pageName>Subtext</pageName>
  </entry>
  
  <!-- ScrewTurn Wiki ASP.NET app-->
  <entry type="application">
    <productId>ScrewTurnWiki</productId>
    <title resourceName="Entry_ScrewTurnWiki_Title">ScrewTurn Wiki</title>
    <version>2.0.36</version>
    <summary resourceName="Entry_ScrewTurnWiki_Summary">ASP.NET-based Wiki Software; allows to build a lightweight Intranet/Internet knowledge base, supporting article versioning and rollback, a basic authorization scheme and simplified file sharing.</summary>
    <id>http://www.microsoft.com/web/webpi/2.0/ScrewTurnWiki</id>
    <updated>2009-3-18T18:30:02Z</updated>
    <published>2009-01-10T18:30:02Z</published>
    <longSummary resourceName="Entry_ScrewTurnWiki_LongSummary">ScrewTurn Wiki is a fast and easy-to-use Wiki engine. It allows creating knowledge bases and wikis without the need for a database (but SQL Server and MySQL are supported with Plugins). Pages are automatically versioned and can be rolled-back easily to a previous version. Theming is available entirely through Cascading Style Sheets. The software allows for a simple user account system and a coarse-grained page access control. Pages can be categorized and have a threaded discussion attached. Plugins can be installed to extend existing functions, and the interface is available in 18 languages.</longSummary>
    <link href="http://www.screwturn.eu/" />
    <author>
      <name>screwturn.eu</name>
      <uri>http://www.screwturn.eu/</uri>
    </author>
    <images>
      <screenshot>ScrewTurn-200x200.png</screenshot>
      <icon>http://www.microsoft.com/web/media/gallery/apps-screenshots/ScrewTurn-200x200.png</icon>
    </images>
    <keywords>
      <keywordId>Wiki</keywordId>
      <keywordId>AspNet</keywordId>
    </keywords>
    <dependency>
      <and>
        <!--msdeploy-->
        <dependency>
          <productId>WDeployNoSMO</productId>
        </dependency>
        <!-- bring along IIS for ASP.NET-->
        <dependency>
          <or>
            <!--IIS 5.1-->
            <dependency>
              <productId>IIS51</productId>
            </dependency>
            <!--IIS 6.0-->
            <dependency>
              <productId>IIS60</productId>
            </dependency>
            <!--IIS 7.0-->
            <dependency>
              <and>
                <dependency>
                  <productId>StaticContent</productId>
                </dependency>
                <dependency>
                  <productId>DefaultDocument</productId>
                </dependency>
                <dependency>
                  <productId>DirectoryBrowse</productId>
                </dependency>
                <dependency>
                  <productId>HTTPErrors</productId>
                </dependency>
                <dependency>
                  <productId>HTTPLogging</productId>
                </dependency>
                <dependency>
                  <productId>LoggingTools</productId>
                </dependency>
                <dependency>
                  <productId>RequestMonitor</productId>
                </dependency>
                <dependency>
                  <productId>RequestFiltering</productId>
                </dependency>
                <dependency>
                  <productId>StaticContentCompression</productId>
                </dependency>
                <dependency>
                  <productId>IISManagementConsole</productId>
                </dependency>
                <dependency>
                  <productId>ASPNET</productId>
                </dependency>
                <dependency>
                  <productId>NETExtensibility</productId>
                </dependency>
                <dependency>
                  <productId>ISAPIFilters</productId>
                </dependency>
                <dependency>
                  <productId>ISAPIExtensions</productId>
                </dependency>
              </and>
            </dependency>
          </or>
        </dependency>
        <!-- start aspnet_regiis -->
        <dependency>
          <or>
            <dependency>
              <productId>EnableASPNET</productId>
            </dependency>
            <dependency>
              <productId>VistaNOOP</productId>
            </dependency>
          </or>
        </dependency>
        <!-- end aspnet_regiis -->
      </and>
    </dependency>
    <installers>
      <installer>
        <id>1</id>
        <languageId>en</languageId>
        <osList>
          <os>
            <maximumVersion>
              <osMajorVersion>5</osMajorVersion>
            </maximumVersion>
            <osTypes>
              <Server />
              <HomePremium />
              <Ultimate />
              <Enterprise />
              <Business />
            </osTypes>
          </os>
          <os>
            <minimumVersion>
              <osMajorVersion>6</osMajorVersion>
              <osMinorVersion>0</osMinorVersion>
              <spMajorVersion>1</spMajorVersion>
            </minimumVersion>
            <osTypes>
              <Server />
              <HomePremium />
              <Ultimate />
              <Enterprise />
              <Business />
            </osTypes>
          </os>
        </osList>
        <installerFile>
          <fileSize>1445</fileSize>
          <installerURL>http://go.microsoft.com/fwlink/?LinkId=146351</installerURL>
          <displayURL>http://www.screwturn.eu/appgal/stw/stw-2.0.36.zip</displayURL>
          <sha1>074553C46FC2D1D06219C53BD2A4535CB7D7EFC4</sha1>
        </installerFile>
        <helpLink>http://forums.iis.net/1155.aspx</helpLink>
        <msDeploy>
          <startPage>default.aspx</startPage>
        </msDeploy>
      </installer>
    </installers>
    <addToFeedDate>3-13-2009</addToFeedDate>
    <pageName>ScrewTurn</pageName>
  </entry>

  <!-- mojoPortal, ASP.NET, SQL-->
  <entry type="application">
    <productId>MojoPortal</productId>
    <title resourceName="Entry_MojoPortal_Title">mojoPortal</title>
    <version>2.2.9.6</version>
    <summary resourceName="Entry_MojoPortal_Summary">An easy to use, accessible, and standards compliant content management system and web application framework for ASP.NET 3.5, featuring Blogs, Forums, Event Calendar, Newsletter, Maps, ecommerce and more.</summary>
    <id>http://www.microsoft.com/web/webpi/2.0/mojoportal</id>
    <updated>2009-3-28T18:30:02Z</updated>
    <published>2009-3-28T18:30:02Z</published>
    <longSummary resourceName="Entry_MojoPortal_LongSummary">mojoPortal is an extensible cross platform, cross database, content management system (CMS) and web application framework written in C# ASP.NET. Includes Blogs, Forums, Calendar, Google Maps, Contact Form, Newsletter, Polls, Surveys, ecommerce and more.  If you can make an ASP.NET UserControl then you already know how to implement a feature.  Supports MS SQL 2000-2008, MySql, PostgreSql, SQLite, or Firbird Sql. mojoPortal places a lot of emphasis on web standards and accessibility. Straightforward CSS skinning. mojoPortal also runs in Medium Trust.</longSummary>
    <productFamily resourceName="Applications">Applications</productFamily>
    <newCategory resourceName="NewWebApplications">New Web Applications</newCategory>
    <link href="http://www.mojoportal.com/" />
    <author>
      <name>Source Tree Solutions, LLC</name>
      <uri>http://www.mojoportal.com</uri>
    </author>
    <images>
      <screenshot>mojoportal-200x200.png</screenshot>
      <icon>http://www.microsoft.com/web/media/gallery/apps-screenshots/mojoportal-200-57.png</icon>
    </images>
    <keywords>
      <keywordId>ContentMgmt</keywordId>
      <keywordId>AspNet</keywordId>
    </keywords>
    <related>
      <!-- sql express x86 -->
      <relatedProduct>
        <productId>SQLExpress</productId>
        <relatedDiscoveryHint>SQL2005</relatedDiscoveryHint>
      </relatedProduct>
    </related>
    <dependency>
      <and>
        <dependency>
          <productId>WDeployNoSMO</productId>
        </dependency>
        <dependency>
          <productId>SMO</productId>
        </dependency>
        <!-- bring along IIS for ASP.NET-->
        <dependency>
          <or>
            <!--IIS 5.1-->
            <dependency>
              <productId>IIS51</productId>
            </dependency>
            <!--IIS 6.0-->
            <dependency>
              <productId>IIS60</productId>
            </dependency>
            <!--IIS 7.0-->
            <dependency>
              <and>
                <dependency>
                  <productId>StaticContent</productId>
                </dependency>
                <dependency>
                  <productId>DefaultDocument</productId>
                </dependency>
                <dependency>
                  <productId>DirectoryBrowse</productId>
                </dependency>
                <dependency>
                  <productId>HTTPErrors</productId>
                </dependency>
                <dependency>
                  <productId>HTTPLogging</productId>
                </dependency>
                <dependency>
                  <productId>LoggingTools</productId>
                </dependency>
                <dependency>
                  <productId>RequestMonitor</productId>
                </dependency>
                <dependency>
                  <productId>RequestFiltering</productId>
                </dependency>
                <dependency>
                  <productId>StaticContentCompression</productId>
                </dependency>
                <dependency>
                  <productId>IISManagementConsole</productId>
                </dependency>
                <dependency>
                  <productId>ASPNET</productId>
                </dependency>
                <dependency>
                  <productId>NETExtensibility</productId>
                </dependency>
                <dependency>
                  <productId>ISAPIFilters</productId>
                </dependency>
                <dependency>
                  <productId>ISAPIExtensions</productId>
                </dependency>
              </and>
            </dependency>
          </or>
        </dependency>
        <!-- start aspnet_regiis -->
        <dependency>
          <or>
            <dependency>
              <productId>EnableASPNET</productId>
            </dependency>
            <dependency>
              <productId>VistaNOOP</productId>
            </dependency>
          </or>
        </dependency>
        <!-- end aspnet_regiis -->
      </and>
    </dependency>
    <installers>
      <installer>
        <id>1</id>
        <languageId>en</languageId>
        <osList>
          <os>
            <maximumVersion>
              <osMajorVersion>5</osMajorVersion>
            </maximumVersion>
            <osTypes>
              <Server />
              <HomePremium />
              <Ultimate />
              <Enterprise />
              <Business />
            </osTypes>
          </os>
          <os>
            <minimumVersion>
              <osMajorVersion>6</osMajorVersion>
              <osMinorVersion>0</osMinorVersion>
              <spMajorVersion>1</spMajorVersion>
            </minimumVersion>
            <osTypes>
              <Server />
              <HomePremium />
              <Ultimate />
              <Enterprise />
              <Business />
            </osTypes>
          </os>
        </osList>
        <installerFile>
          <fileSize>16499</fileSize>
          <installerURL>http://go.microsoft.com/fwlink/?LinkId=147808</installerURL>
          <displayURL>http://mojoportal.codeplex.com/Project/Download/FileDownload.aspx?DownloadId=62967</displayURL>
          <sha1>1AC9A05D2B75F68518F72DFA19FB3C29FEC7A3F0</sha1>
        </installerFile>
        <helpLink>http://forums.iis.net/1155.aspx</helpLink>
        <msDeploy>
          <startPage>/Setup/Default.aspx</startPage>
        </msDeploy>
      </installer>
    </installers>
    <addToFeedDate>3-31-2009</addToFeedDate>
    <pageName>mojoPortal</pageName>
  </entry>

  <entry>
    <productId>MySQL</productId>
    <external />
    <title resourceName="Entry_MySQL_Title">MySQL</title>
    <version>5.0</version>
    <summary resourceName="Entry_MySQL_Summary">MySQL</summary>
    <id>http://www.mysql.com/</id>
    <updated>2009-1-13T18:30:02Z</updated>
    <longSummary resourceName="Entry_MySQL_LongSummary">MySQL is not detected as installed on this computer. The selected application requires MySQL. Press OK to continue installation or click the "More Information" link for instructions on how to install MySQL.</longSummary>
    <link href="http://go.microsoft.com/fwlink/?LinkId=146610" />
    <discoveryHint>
      <or>
        <discoveryHint>
          <registry>
            <keyPath>HKEY_LOCAL_MACHINE\SOFTWARE\MySQL AB\MySQL Server 5.0</keyPath>
          </registry>
        </discoveryHint>
        <discoveryHint>
          <registry>
            <keyPath>HKEY_LOCAL_MACHINE\SOFTWARE\MySQL AB\MySQL Server 5.1</keyPath>
          </registry>
        </discoveryHint>
        <discoveryHint>
          <registry>
            <keyPath>HKEY_LOCAL_MACHINE\SOFTWARE\Wow6432Node\MySQL AB\MySQL Server 5.0</keyPath>
          </registry>
        </discoveryHint>
        <discoveryHint>
          <registry>
            <keyPath>HKEY_LOCAL_MACHINE\SOFTWARE\Wow6432Node\MySQL AB\MySQL Server 5.1</keyPath>
          </registry>
        </discoveryHint>
      </or>
    </discoveryHint>
  </entry>

  <entry>
    <productId>MySQLOrSQLExpress</productId>
    <external />
    <title resourceName="Entry_MySQLOrSQLExpress_Title">MySQL or SQL Express</title>
    <version>5.0</version>
    <summary resourceName="Entry_MySQLOrSQLExpress_Summary">MySQL</summary>
    <id>http://www.microsoft.com/sql/</id>
    <updated>2009-1-13T18:30:02Z</updated>
    <longSummary resourceName="Entry_MySQLOrSQLExpress_LongSummary">This web application that you have selected requires either SQL Server or MySQL.

    We have detected that you do not have SQL Server or MySQL installed. The Web Platform Installer will install SQL Server Express or click on "more information" to learn how to setup MySQL.</longSummary>
    <link href="http://go.microsoft.com/fwlink/?LinkId=146610" />
    <discoveryHint>
      <or>
        <!-- SQL Detection -->
        <discoveryHint>
          <and>
            <discoveryHint>
              <registry>
                <keyPath>HKEY_LOCAL_MACHINE\SOFTWARE\Microsoft\Microsoft SQL Server\100</keyPath>
              </registry>
            </discoveryHint>
            <discoveryHint>
              <registry>
                <keyPath>HKEY_LOCAL_MACHINE\SOFTWARE\Microsoft\Microsoft SQL Server\Services\SQL Server</keyPath>
              </registry>
            </discoveryHint>
          </and>
        </discoveryHint>
        <!-- MySQL detection -->
        <discoveryHint>
          <registry>
            <keyPath>HKEY_LOCAL_MACHINE\SOFTWARE\MySQL AB\MySQL Server 5.0</keyPath>
          </registry>
        </discoveryHint>
        <discoveryHint>
          <registry>
            <keyPath>HKEY_LOCAL_MACHINE\SOFTWARE\MySQL AB\MySQL Server 5.1</keyPath>
          </registry>
        </discoveryHint>
        <discoveryHint>
          <registry>
            <keyPath>HKEY_LOCAL_MACHINE\SOFTWARE\Wow6432Node\MySQL AB\MySQL Server 5.0</keyPath>
          </registry>
        </discoveryHint>
        <discoveryHint>
          <registry>
            <keyPath>HKEY_LOCAL_MACHINE\SOFTWARE\Wow6432Node\MySQL AB\MySQL Server 5.1</keyPath>
          </registry>
        </discoveryHint>
      </or>
    </discoveryHint>
  </entry>

  <entry>
    <productId>EnableASPNET</productId>
    <title resourceName="Entry_EnableASPNET_Title">Enable ASP.NET</title>
    <summary resourceName="Entry_EnableASPNET_Summary">Enables ASP.NET on Windows XP and Windows 2003</summary>
    <id>http://www.microsoft.com/web/webpi/enableaspnet</id>
    <updated>2009-1-13T18:30:02Z</updated>
    <productFamily resourceName="None">None</productFamily>
    <installers>
      <!-- XP / 2k3 x86 -->
      <installer>
        <id>1</id>
        <languageId>en</languageId>
        <architectures>
          <x86 />
        </architectures>
        <osList>
          <os>
            <minimumVersion>
              <osMajorVersion>5</osMajorVersion>
            </minimumVersion>
            <maximumVersion>
              <osMajorVersion>5</osMajorVersion>
            </maximumVersion>
          </os>
        </osList>
        <installCommands>
          <cmdline>
            <exe>%windir%\Microsoft.NET\Framework\v2.0.50727\aspnet_regiis.exe</exe>
            <commandLineArguments>-iru -enable</commandLineArguments>
            <ignoreExitCode>true</ignoreExitCode>
          </cmdline>
        </installCommands>
        <helpLink>http://forums.iis.net/1155.aspx</helpLink>
      </installer>
      
      <!-- XP / 2k3 x64-->
      <installer>
        <id>2</id>
        <languageId>en</languageId>
        <architectures>
          <x64 />
        </architectures>
        <osList>
          <os>
            <minimumVersion>
              <osMajorVersion>5</osMajorVersion>
            </minimumVersion>
            <maximumVersion>
              <osMajorVersion>5</osMajorVersion>
            </maximumVersion>
          </os>
        </osList>
        <installCommands>
          <cmdline>
            <exe>%windir%\Microsoft.NET\Framework64\v2.0.50727\aspnet_regiis.exe</exe>
            <commandLineArguments>-iru -enable</commandLineArguments>
            <ignoreExitCode>true</ignoreExitCode>
          </cmdline>
        </installCommands>
        <helpLink>http://forums.iis.net/1155.aspx</helpLink>
      </installer>

    </installers>
  </entry>

  <entry>
    <productId>VistaNOOP</productId>
    <title resourceName="Entry_VistaNOOP_Title">Product Title</title>
    <summary resourceName="Entry_VistaNOOP_Summary">Need always installed product for Vista+</summary>
    <id>http://www.microsoft.com/web/webpi/installed</id>
    <updated>2009-1-13T18:30:02Z</updated>
    <productFamily resourceName="None">None</productFamily>
    <discoveryHint>
      <file>
        <filePath>%windir%\explorer.exe</filePath>
      </file>
    </discoveryHint>
    <installers>
      <installer>
        <id>1</id>
        <languageId>en</languageId>
        <osList>
          <os>
            <minimumVersion>
              <osMajorVersion>6</osMajorVersion>
            </minimumVersion>
          </os>
        </osList>
        <installCommands>
          <cmdline>
            <exe>%windir%\system32\cmd.exe</exe>
            <commandLineArguments>/C exit</commandLineArguments>
            <ignoreExitCode>true</ignoreExitCode>
          </cmdline>
        </installCommands>
      </installer>
    </installers>
  </entry>

  <tabs>
      <tab>
        <keywordTab>
          <id>WebApplications</id>
          <name resourceName="Tab_WebApplications_Name">Web Applications</name>
          <description resourceName="Tab_WebApplications_Description">Select a Web application from among the world's best and click "install" to continue:</description>
          <keywords>
            <keywordId>Blogs</keywordId>
            <keywordId>ContentMgmt</keywordId>
            <keywordId>Galleries</keywordId>
            <keywordId>Wiki</keywordId>
          </keywords>
        </keywordTab>
      </tab>
  </tabs>
  <!-- categories  - needed by the AppGallery -->
  <keywords>
    <keyword id="Blogs" resourceName="Keyword_Blogs">Blogs</keyword>
    <keyword id="ContentMgmt" resourceName="Keyword_ContentMgmt">Content Management</keyword>
    <keyword id="Galleries" resourceName="Keyword_Galleries">Galleries</keyword>
    <keyword id="Wiki" resourceName="Keyword_Wiki">Wiki</keyword>
    <keyword id="AspNet">AspNet</keyword>
    <keyword id="PHP">PHP</keyword>
    <!-- <keyword id="Forums">Forums</keyword> -->
    <!-- <keyword id="eCommerce">eCommerce</keyword> -->
  </keywords>
 
  <!-- featured apps - needed by the AppGallery -->
  <featured>
    <productId>MojoPortal</productId>
    <productId>WordPress</productId>
    <productId>SilverStripeCMS</productId>
  </featured>
</feed>