Author,Title,Price
Arthur Conan Doyle,A Study In Scarlet,$35.00
John Grisham,A Time To Kill,$50.00
Sue Townsend,Adrian Mole: From Minor To Major,$97.00
Sue Townsend,Adrian Mole: The Wilderness Years,$97.00
Enid Blyton,Adventure Of The Strange Ruby,$16.00
Enid Blyton,Adventure Stories,$13.00
Enid Blyton,Adventures Of The Wishing Chair,$13.00
Enid Blyton,Adventures On Willow Farm,$14.00
Nils-Olof Franzen,Agaton Sax And The Scotland Yard Mystery,$10.00
Helen MacInnes,Agent In Place,$10.00
Ron Renauld,Airwolf,$30.00
Ron Renauld,Airwolf: Trouble From Within,$30.00
Jack Hild,Alaska Deception,$25.00
Agatha Christie,Appointment With Death,$45.00
Jonathan Kellerman,Bad Love,$200.00
Dick Francis,Banker,$40.00
W.E. Johns,Biggles Flies North,$10.00
W.E. Johns,Biggles In The South Seas,$10.00
Frank Richards,Billy Bunter In Brazil,$10.00
Frank Richards,Billy Bunter Of Greyfriars School,$75.00
Frank Richards,Billy Bunter The Bold,$10.00
Frank Richards,Billy Bunter's Bad Luck,$8.00
Frank Richards,Billy Bunter's Postal Order,$10.00
Enid Blyton,Bimbo And Topsy,$15.00
Anna Sewell,Black Beauty,$30.00
Dick Francis,Blood Sport,$40.00
Jonathan Kellerman,Blood Test,$40.00
Dick Francis,Bolt,$128.00
