﻿<?xml version="1.0" encoding="utf-8" ?>
<DynamicHelpConditions xmlns="http://schemas.microsoft.com/2011/webmatrix/dynamichelp">
  <Condition id="KnownAppInSiteWorkSpace" friendlyName="{appId}">
    <Term entity="SelectedWorkspace" property="Name" value="SiteManager" />
    <Term id="appId" entity="ActiveSite" property="AppId" value="WordPress" />
  </Condition>
  <Condition id="UnknownAppInSiteWorkSpace" friendlyName="Sites Workspace">
    <Term entity="SelectedWorkspace" property="Name" value="SiteManager" />
    <Term entity="ActiveSite" property="AppId" value=""/>
  </Condition>
  <Condition id="CssFile" friendlyName="Css File">
    <Term entity="ActiveFileTab" property="Filename" value=".*\.css"/>
  </Condition>
  <Condition id="JavaScriptFile" friendlyName="JavaScript File">
    <Term entity="ActiveFileTab" property="Filename" value=".*\.js"/>
  </Condition>
  <Condition id="CshtmlFile" friendlyName="CSHTML File">
    <Term entity="ActiveFileTab" property="Filename" value=".*\.cshtml"/>
  </Condition>
  <Condition id="VbhtmlFile" friendlyName="VBHTML File">
    <Term entity="ActiveFileTab" property="Filename" value=".*\.vbhtml"/>
  </Condition>
  <Condition id="HtmlFile" friendlyName="Html File">
    <Term entity="ActiveFileTab" property="Filename" value=".*\.html"/>
  </Condition>
  <Condition id="EditorWorkspace" friendlyName="Editor Workspace">
    <Term entity="SelectedWorkspace" property="Name" value="Editor"/>
  </Condition>
  <Condition id="ReportsWorkspace" friendlyName="Reports Workspace">
    <Term entity="SelectedWorkspace" property="Name" value="SEOWorkspace"/>
    <Term entity="ActiveSite" property="AppId" value="" />
  </Condition>
  <Condition id="DatabaseWorkspace" friendlyName="Database Workspace">
    <Term entity="SelectedWorkspace" property="Name" value="DBWorkspace"/>
  </Condition>
  <Condition id="SettingsPage" friendlyName="Settings Page">
    <Term entity="SelectedHierarchyInfo" property="NodeType" value="SettingsHierarchyInfo" />
    <Term entity="SelectedWorkspace" property="Name" value="SiteManager"/>
  </Condition>
  <Condition id="RequestPage" friendlyName="Request Page">
    <Term entity="SelectedHierarchyInfo" property="NodeType" value="RequestsHierarchyInfo" />
    <Term entity="SelectedWorkspace" property="Name" value="SiteManager"/>
  </Condition>
  <Condition id="DatabaseTable" friendlyName="Database Table">
    <Term entity="ActiveDatabaseTab" property="Type" value="TableContainer" />
  </Condition>
  <Condition id="Report" friendlyName="Report">
    <Term entity="SelectedWorkspace" property="Name" value="SEOWorkspace"/>
    <Term entity="ActiveReportTab" property="HasViolations" value="True"/>
  </Condition>
</DynamicHelpConditions>
