﻿<?xml version='1.0' encoding='utf-8' ?>
<feed xmlns='http://www.w3.org/2005/Atom'
      xmlns:d='http://schemas.microsoft.com/2011/webmatrix/dynamichelp'>
  <title>Microsoft</title>
  <subtitle>Official WebMatrix Documentation Library</subtitle>
  <link href='http://www.microsoft.com/web/webmatrix/content/feed' rel='self' />
  <link href='http://www.microsoft.com/webmatrix' />
  <id></id>
  <author>
    <name>Microsoft WebMatrix Team</name>
    <email>support@webmatrix.com</email>
  </author>

  <!-- Application Specific Content -->

  <entry>
    <title>Your First Website Using WebMatrix</title>
    <link href='http://www.microsoft.com/web/post/your-first-website-using-webmatrix' />
    <id></id>
    <d:DynamicHelp>
      <d:ConditionRef id="KnownAppInSiteWorkSpace" appId="Wordpress" />
    </d:DynamicHelp>
  </entry>

  <entry>
    <title>Installing and Publishing a WordPress Blog with WebMatrix</title>
    <link href='http://www.microsoft.com/web/post/installing-and-publishing-a-wordpress-blog-with-webmatrix' />
    <id></id>
    <d:DynamicHelp>
      <d:ConditionRef id="KnownAppInSiteWorkSpace" appId="Wordpress" />
    </d:DynamicHelp>
  </entry>

  <entry>
    <title>Build a Web Site in twenty minutes using WordPress and WebMatrix</title>
    <link href='http://www.microsoft.com/web/post/build-a-web-site-in-twenty-minutes-using-wordpress-and-webmatrix' />
    <id></id>
    <d:DynamicHelp>
      <d:ConditionRef id="KnownAppInSiteWorkSpace" appId="Wordpress" />
    </d:DynamicHelp>
  </entry>

  <entry>
    <title>WebMatrix and Drupal: Build a site in 15 minutes</title>
    <link href='http://www.microsoft.com/web/post/webmatrix-and-drupal-build-a-site-in-15-minutes' />
    <id></id>
    <d:DynamicHelp>
      <d:ConditionRef id="KnownAppInSiteWorkSpace" appId="drupal" />
    </d:DynamicHelp>
  </entry>

  <entry>
    <title>Using WebMatrix to build a DotNetNuke Application</title>
    <link href='http://www.microsoft.com/web/post/using-webmatrix-to-build-a-dotnetnuke-application' />
    <id></id>
    <d:DynamicHelp>
      <d:ConditionRef id="KnownAppInSiteWorkSpace" appId="dotnetnuke" />
    </d:DynamicHelp>
  </entry>

  <entry>
    <title>Using BlogEngine.NET with WebMatrix</title>
    <link href='http://www.microsoft.com/web/post/using-blogenginenet-with-webmatrix' />
    <id></id>
    <d:DynamicHelp>
      <d:ConditionRef id="KnownAppInSiteWorkSpace" appId="blogengine" />
    </d:DynamicHelp>
  </entry>

  <entry>
    <title>Settting Up your NopCommerce website using WebMatrix</title>
    <link href='http://www.microsoft.com/web/post/settting-up-your-nopcommerce-website-using-webmatrix' />
    <id></id>
    <d:DynamicHelp>
      <d:ConditionRef id="KnownAppInSiteWorkSpace" appId="nopcommerce" />
    </d:DynamicHelp>
  </entry>

  <entry>
    <title>Installing Umbraco with WebMatrix</title>
    <link href='http://www.microsoft.com/web/post/installing-umbraco-with-webmatrix' />
    <id></id>
    <d:DynamicHelp>
      <d:ConditionRef id="KnownAppInSiteWorkSpace" appId="umbraco" />
    </d:DynamicHelp>
  </entry>

  <entry>
    <title>Installing ScrewTurn Wiki using WebMatrix</title>
    <link href='http://www.microsoft.com/web/post/installing-screwturn-wiki-using-webmatrix' />
    <id></id>
    <d:DynamicHelp>
      <d:ConditionRef id="KnownAppInSiteWorkSpace" appId="screwturn" />
    </d:DynamicHelp>
  </entry>

  <entry>
    <title>Installing and Publishing Orchard using WebMatrix</title>
    <link href='http://www.microsoft.com/web/post/installing-and-publishing-orchard-using-webmatrix' />
    <id></id>
    <d:DynamicHelp>
      <d:ConditionRef id="KnownAppInSiteWorkSpace" appId="orchard" />
    </d:DynamicHelp>
  </entry>

  <entry>
    <title>Getting started with Joomla and WebMatrix</title>
    <link href='http://www.microsoft.com/web/post/getting-started-with-joomla-and-webmatrix' />
    <id></id>
    <d:DynamicHelp>
      <d:ConditionRef id="KnownAppInSiteWorkSpace" appId="joomla" />
    </d:DynamicHelp>
  </entry>

  
   Template Specific Content 
  

  <entry>
    <title>Set Up a Simple Theme for Your Website Using WebMatrix</title>
    <link href='http://www.microsoft.com/web/post/set-up-a-simple-theme-for-your-website-using-webmatrix' />
    <id></id>
    <d:DynamicHelp>
      <d:ConditionRef id="KnownAppInSiteWorkSpace" appId="starter" />
    </d:DynamicHelp>
  </entry>

  <entry>
    <title>Add and edit ASP.NET web pages</title>
    <link href='http://www.microsoft.com/web/post/add-and-edit-aspnet-web-pages' />
    <id></id>
    <d:DynamicHelp>
      <d:ConditionRef id="UnknownAppInSiteWorkSpace" />
    </d:DynamicHelp>
  </entry>

  <!-- Workspace Content -->

  <entry>
    <title>Site Workspace Overview</title>
    <link href='http://www.microsoft.com/web/post/webmatrix-site-workspace-help' />
    <id></id>
    <d:DynamicHelp>
      <d:ConditionRef id="UnknownAppInSiteWorkSpace" />
    </d:DynamicHelp>
  </entry>

  <entry>
    <title>How to publish a web application using WebMatrix</title>
    <link href='http://www.microsoft.com/web/post/how-to-publish-a-web-application-using-webmatrix' />
    <id></id>
    <d:DynamicHelp>
      <d:ConditionRef id="UnknownAppInSiteWorkSpace" />
    </d:DynamicHelp>
  </entry>

  <entry>
    <title>Download, edit, and republish your website with WebMatrix</title>
    <link href='http://www.microsoft.com/web/post/download-edit-and-republish-your-website-with-webmatrix' />
    <id></id>
    <d:DynamicHelp>
      <d:ConditionRef id="UnknownAppInSiteWorkSpace" />
    </d:DynamicHelp>
  </entry>

  <entry>
    <title>Web Development 101 using WebMatrix</title>
    <link href='http://www.microsoft.com/web/post/web-development-101-using-webmatrix' />
    <id></id>
    <d:DynamicHelp>
      <d:ConditionRef id="UnknownAppInSiteWorkSpace" />
      <d:Outline text='Part 1, Getting Started with WebMatrix' uri='http://www.microsoft.com/web/post/web-development-101-part-1-getting-started-with-webmatrix' />
      <d:Outline text='Part 2, Create your first Web Page' uri='http://www.microsoft.com/web/post/web-development-101-part-2-create-your-first-web-page' />
      <d:Outline text='Part 3, Getting some style' uri='http://www.microsoft.com/web/post/web-development-101-part-3-getting-some-style' />
      <d:Outline text='Part 4, Using Layout' uri='http://www.microsoft.com/web/post/web-development-101-part-4-using-layout' />
      <d:Outline text='Part 5, Using Data' uri='http://www.microsoft.com/web/post/web-development-101-part-5-using-data' />
      <d:Outline text='Part 6, Creating an Add Data page' uri='http://www.microsoft.com/web/post/web-development-101-part-6-creating-an-add-data-page' />
      <d:Outline text='Part 7, Creating an Edit Data Page' uri='http://www.microsoft.com/web/post/web-development-101-part-7-creating-an-edit-data-page' />
      <d:Outline text='Part 8, Creating a Delete Data page' uri='http://www.microsoft.com/web/post/web-development-101-part-8-creating-a-delete-data-page' />
      <d:Outline text='Part 9, Deploying your site' uri='http://www.microsoft.com/web/post/web-development-101-part-9-deploying-your-site' />
    </d:DynamicHelp>
  </entry>

  <entry>
    <title>Files Workspace Overview</title>
    <link href='http://www.microsoft.com/web/post/webmatrix-files-workspace-help' />
    <id></id>
    <d:DynamicHelp>
      <d:ConditionRef id="EditorWorkspace" />
    </d:DynamicHelp>
  </entry>

  <entry>
    <title>Add and edit ASP.NET web pages</title>
    <link href='http://www.microsoft.com/web/post/add-and-edit-aspnet-web-pages' />
    <id></id>
    <d:DynamicHelp>
      <d:ConditionRef id="EditorWorkspace" />
    </d:DynamicHelp>
  </entry>

  <entry>
    <title>Databases Workspace Overview</title>
    <link href='http://www.microsoft.com/web/post/webmatrix-databases-workspace-help' />
    <id></id>
    <d:DynamicHelp>
      <d:ConditionRef id="DatabaseWorkspace" />
    </d:DynamicHelp>
  </entry>

  <entry>
    <title>Connecting to a SQL Server or MySQL Database in WebMatrix</title>
    <link href='http://www.microsoft.com/web/post/connecting-to-a-sql-server-or-mysql-database-in-webmatrix' />
    <id></id>
    <d:DynamicHelp>
      <d:ConditionRef id="DatabaseWorkspace" />
    </d:DynamicHelp>
  </entry>

  <entry>
    <title>Reports Workspace Overview</title>
    <link href='http://www.microsoft.com/web/post/webmatrix-reports-workspace-help' />
    <id></id>
    <d:DynamicHelp>
      <d:ConditionRef id="ReportsWorkspace" />
    </d:DynamicHelp>
  </entry>

  <entry>
    <title>Get Started with SEO Using WebMatrix</title>
    <link href='http://www.microsoft.com/web/post/get-started-with-seo-using-webmatrix' />
    <id></id>
    <d:DynamicHelp>
      <d:ConditionRef id="ReportsWorkspace" />
    </d:DynamicHelp>
  </entry>

  <!-- Specific Workspace Nodes -->

  <entry>
    <title>Securing Web Communications: Certificates, SSL, and https://</title>
    <link href='http://www.microsoft.com/web/post/securing-web-communications-certificates-ssl-and-https' />
    <id></id>
    <d:DynamicHelp>
      <d:ConditionRef id="SettingsPage" />
    </d:DynamicHelp>
  </entry>

  <entry>
    <title>Analyze requests to your website</title>
    <link href='http://www.microsoft.com/web/post/analyze-requests-to-your-website' />
    <id></id>
    <d:DynamicHelp>
      <d:ConditionRef id="RequestPage" />
    </d:DynamicHelp>
  </entry>

  <entry>
    <title>Migrate a database to SQL Server</title>
    <link href='http://www.microsoft.com/web/post/migrate-a-database-to-sql-server' />
    <id></id>
    <d:DynamicHelp>
      <d:ConditionRef id="DatabaseTable" />
    </d:DynamicHelp>
  </entry>

  <!-- File Type Content -->

  <entry>
    <title>Learn HTML</title>
    <link href='http://www.microsoft.com/web/post/learn-html-part-1' />
    <id></id>
    <d:DynamicHelp>
      <d:ConditionRef id="HtmlFile" />
      <d:Outline text='Part 1' uri='http://www.microsoft.com/web/post/learn-html-part-1' />
      <d:Outline text='Part 2' uri='http://www.microsoft.com/web/post/learn-html-part-2' />
    </d:DynamicHelp>
  </entry>

  <entry>
    <title>Getting Started with HTML5</title>
    <link href='http://www.microsoft.com/web/post/get-started-using-html5' />
    <id></id>
    <d:DynamicHelp>
      <d:ConditionRef id="HtmlFile" />
    </d:DynamicHelp>
  </entry>

  <entry>
    <title>Introduction to CSS</title>
    <link href='http://www.microsoft.com/web/post/introduction-to-css' />
    <id></id>
    <d:DynamicHelp>
      <d:ConditionRef id="CssFile" />
    </d:DynamicHelp>
  </entry>

  <entry>
    <title>Introduction to JavaScript</title>
    <link href='http://www.microsoft.com/web/post/introduction-to-javascript-part-1-of-3' />
    <id></id>
    <d:DynamicHelp>
      <d:ConditionRef id="JavaScriptFile" />
      <d:Outline text='Part 1' uri='http://www.microsoft.com/web/post/introduction-to-javascript-part-1-of-3' type="article" />
      <d:Outline text='Part 2' uri='http://www.microsoft.com/web/post/introduction-to-javascript-part-2-of-3' type="article" />
      <d:Outline text='Part 3' uri='http://www.microsoft.com/web/post/introduction-to-javascript-part-3-of-3' type="article" />
    </d:DynamicHelp>
  </entry>

  <entry>
    <title>Create an ASP.NET website from scratch</title>
    <link href='http://www.microsoft.com/web/post/create-an-aspnet-website-from-scratch' />
    <id></id>
    <d:DynamicHelp>
      <d:ConditionRef id="CshtmlFile" />
    </d:DynamicHelp>
  </entry>

  <entry>
    <title>ASP.NET Web Pages Book</title>
    <link href='http://www.asp.net/web-pages' />
    <id></id>
    <d:DynamicHelp>
      <d:ConditionRef id="CshtmlFile" />
      <d:Outline text='Getting Started with WebMatrix and ASP.NET Web Pages' uri='http://www.asp.net/webmatrix/tutorials/1-getting-started-with-webmatrix-and-asp-net-web-pages' />
      <d:Outline text='Introduction to ASP.NET Web Programming Using the Razor Syntax' uri='http://www.asp.net/webmatrix/tutorials/2-introduction-to-asp-net-web-programming-using-the-razor-syntax' />
      <d:Outline text='Creating a Consistent Look' uri='http://www.asp.net/webmatrix/tutorials/3-creating-a-consistent-look' />
      <d:Outline text='Working with Forms' uri='http://www.asp.net/webmatrix/tutorials/4-working-with-forms' />
      <d:Outline text='Working with Data' uri='http://www.asp.net/webmatrix/tutorials/5-working-with-data' />
      <d:Outline text='Displaying Data in a Grid' uri='http://www.asp.net/webmatrix/tutorials/6-displaying-data-in-a-grid' />
      <d:Outline text='Displaying Data in a Chart' uri='http://www.asp.net/webmatrix/tutorials/7-displaying-data-in-a-chart' />
      <d:Outline text='Working with Files' uri='http://www.asp.net/webmatrix/tutorials/8-working-with-files' />
      <d:Outline text='Working with Images' uri='http://www.asp.net/webmatrix/tutorials/9-working-with-images' />
      <d:Outline text='Working with Video' uri='http://www.asp.net/webmatrix/tutorials/10-working-with-video' />
      <d:Outline text='Adding Email to Your Web Site' uri='http://www.asp.net/webmatrix/tutorials/11-adding-email-to-your-web-site' />
      <d:Outline text='Adding Search to Your Web Site' uri='http://www.asp.net/webmatrix/tutorials/12-adding-search-to-your-web-site' />
      <d:Outline text='Adding Social Networking to Your Website' uri='http://www.asp.net/webmatrix/tutorials/13-adding-social-networking-to-your-web-site' />
      <d:Outline text='Analyzing Traffic' uri='http://www.asp.net/webmatrix/tutorials/14-analyzing-traffic' />
      <d:Outline text='Caching to Improve the Performance of Your Website' uri='http://www.asp.net/webmatrix/tutorials/15-caching-to-improve-the-performance-of-your-website' />
      <d:Outline text='Adding Security and Membership' uri='http://www.asp.net/webmatrix/tutorials/16-adding-security-and-membership' />
      <d:Outline text='Introduction to Debugging' uri='http://www.asp.net/webmatrix/tutorials/17-introduction-to-debugging' />
      <d:Outline text='Customizing Site-Wide Behavior' uri='http://www.asp.net/webmatrix/tutorials/18-customizing-site-wide-behavior' />
      <d:Outline text='ASP.NET API Quick Reference' uri='http://www.asp.net/webmatrix/tutorials/asp-net-web-pages-api-reference' />
    </d:DynamicHelp>
  </entry>

  <entry>
    <title>ASP.NET Web Pages Visual Basic</title>
    <link href='http://www.asp.net/webmatrix/tutorials/asp-net-web-pages-visual-basic' />
    <id></id>
    <d:DynamicHelp>
      <d:ConditionRef id="VbhtmlFile" />
    </d:DynamicHelp>
  </entry>

  <!-- NuGet Helper Content -->

  <!--<entry>
    <title>Using Facebook Helpers on your Website</title>
    <link href='http://www.microsoft.com/web/post/using-facebook-helpers-on-your-website' />
    <id></id>
    <d:DynamicHelp>
      <d:ConditionRef id="nuget" packageID="facebook" />
    </d:DynamicHelp>
  </entry>-->

  <!-- Other Actions -->

  <entry>
    <title>Use WebMatrix to optimize your site for search engines</title>
    <link href='http://www.microsoft.com/web/post/use-webmatrix-to-optimize-your-site-for-search-engines' />
    <id></id>
    <d:DynamicHelp>
      <d:ConditionRef id="Report" />
    </d:DynamicHelp>
  </entry>

  <entry>
    <title>Improve Your Website Using the WebMatrix SEO Report</title>
    <link href='http://www.microsoft.com/web/post/improve-your-website-using-the-webmatrix-seo-report' />
    <id></id>
    <d:DynamicHelp>
      <d:ConditionRef id="Report" />
    </d:DynamicHelp>
  </entry>

</feed>
